participant,correlation,euclidean_distance,n_common_judges
62: Eric Lu,0.5362489421855472,9.1104335791443,15
24: Piotr Alexewicz,0.4915830229083191,9.539392014169456,17
81: Miyu Shindo,0.4343225494749624,10.099504938362077,17
5: Zitong Wang,0.40877001373164873,9.38083151964686,16
73: Vincent Ong,0.3837928153055085,11.532562594670797,17
