component,variance_explained,cumulative_variance
PC1,0.11289038753708112,0.11289038753708112
PC2,0.09572649509865706,0.2086168826357382
PC3,0.08535863885021579,0.29397552148595396
