participant,correlation,euclidean_distance,n_common_judges
62: Eric Lu,0.5193065571428356,7.54983443527075,15
51: Shiori Kuwahara,0.4474843673982237,8.660254037844387,16
47: David Khrikuli,0.40877001373164873,9.38083151964686,16
24: Piotr Alexewicz,0.19778547953332606,9.848857801796104,16
64: Tianyao Lyu,0.14811320649260806,11.224972160321824,15
