participant,correlation,euclidean_distance,n_common_judges
57: Tianyou Li,0.6781570961190808,11.74734012447073,17
15: William Yang,0.39097474475646704,10.344080432788601,16
47: David Khrikuli,0.3150831680627186,11.090536506409418,17
81: Miyu Shindo,0.29853317252410966,11.704699910719626,17
62: Eric Lu,0.19995834634964704,8.831760866327848,15
