participant,correlation,euclidean_distance,n_common_judges
81: Miyu Shindo,0.49088471700574526,8.366600265340756,16
29: Kevin Chen,0.39097474475646704,10.344080432788601,16
57: Tianyou Li,0.36295166670812634,10.246950765959598,16
64: Tianyao Lyu,0.2447828515361708,11.661903789690601,15
51: Shiori Kuwahara,0.24332282934022845,10.908712114635714,16
