component,variance_explained,cumulative_variance
PC1,0.17529068779696877,0.17529068779696877
PC2,0.1463472794439689,0.32163796724093763
PC3,0.1365948847147165,0.4582328519556541
